{"cameraMode":{"drawMode":0,"name":"Shaded","section":"Shading Mode"},"sceneLighting":true,"audioPlay":false,"sceneViewState":{"m_AlwaysRefresh":false,"showFog":true,"showSkybox":true,"showFlares":true,"showImageEffects":true,"showParticleSystems":true,"showVisualEffectGraphs":true,"m_FxEnabled":true},"in2DMode":false,"pivot":{"x":425.22650146484377,"y":402.36248779296877,"z":-59.088722229003909},"rotation":{"x":-0.011409271508455277,"y":0.008096972480416298,"z":-0.00009272077295463532,"w":-0.9999043941497803},"size":506.21966552734377,"orthographic":false}